RA14,RA15,YA16,QA17,EA18,DA19,GA20,FA21,DA22,LA23,DA24,LA25,TA26,YA27,IA28,YA29,PA30,NA31,IA32,IA33,AA34,MA35,GA36,FA37,PA38,AA39,EA40,RA41,LA42,EA43,GA44,VA45,YA46,RA47,NA48,NA49,IA50,DA51,DA52,VA53,VA54,RA55,FA56,LA57,DA58,SA59,KA60,HA61,KA62,NA63,HA64,YA65,KA66,IA67,YA68,NA69,LA70,CA71,AA72,EA73,RA74,HA75,YA76,DA77,TA78,AA79,KA80,FA81,NA82,CA83,RA84,VA85,AA86,QA87,YA88,PA89,FA90,EA91,DA92,HA93,NA94,PA95,PA96,QA97,LA98,EA99,LA100,IA101,KA102,PA103,FA104,CA105,EA106,DA107,LA108,DA109,QA110,WA111,LA112,SA113,EA114,DA115,DA116,NA117,HA118,VA119,AA120,AA121,IA122,HA123,CA124,KA125,AA126,GA127,KA128,GA129,RA130,TA131,GA132,VA133,MA134,IA135,CA136,AA137,YA138,LA139,LA140,HA141,RA142,GA143,KA144,FA145,LA146,KA147,AA148,QA149,EA150,AA151,LA152,DA153,FA154,YA155,GA156,EA157,VA158,RA159,TA160,RA161,DA162,KA163,KA164,GA165,VA166,TA167,IA168,PA169,SA170,QA171,RA172,RA173,YA174,VA175,YA176,YA177,YA178,SA179,YA180,LA181,LA182,KA183,NA184,HA185,LA186,DA187,YA188,RA189,PA190,VA191,AA192,LA193,LA194,FA195,HA196,KA197,MA198,MA199,FA200,EA201,TA202,IA203,PA204,MA205,FA206,SA207,GA208,GA209,TA210,CA211,NA212,PA213,QA214,FA215,VA216,VA217,CA218,QA219,LA220,KA221,VA222,KA223,IA224,YA225,SA226,SA227,NA228,SA229,GA230,PA231,TA232,RA233,RA234,EA235,DA236,KA237,FA238,MA239,YA240,FA241,EA242,FA243,PA244,QA245,PA246,LA247,PA248,VA249,CA250,GA251,DA252,IA253,KA254,VA255,EA256,FA257,FA258,HA259,KA260,QA261,NA262,KA263,MA264,LA265,KA266,KA267,DA268,KA269,MA270,FA271,HA272,FA273,WA274,VA275,NA276,TA277,FA278,FA279,IA280,PA281,KA313,EA314,YA315,LA316,VA317,LA318,TA319,LA320,TA321,KA322,NA323,DA324,LA325,DA326,KA327,AA328,NA329,KA330,DA331,KA332,AA333,NA334,RA335,YA336,FA337,SA338,PA339,NA340,FA341,KA342,VA343,KA344,LA345,YA346,FA347,TA348,KA349,TA350,VA351
16.0,24.0,12.0,18.0,23.0,12.0,19.0,22.0,15.0,27.0,18.0,26.0,29.0,26.0,25.0,25.0,10.0,15.0,30.0,29.0,0.0,38.0,18.0,32.0,12.0,0.0,15.0,10.0,11.0,7.0,7.0,13.0,26.0,8.0,20.0,15.0,18.0,13.0,17.0,27.0,23.0,15.0,24.0,31.0,20.0,14.0,23.0,23.0,12.0,10.0,13.0,31.0,20.0,28.0,28.0,26.0,21.0,22.0,0.0,19.0,19.0,11.0,31.0,7.0,17.0,0.0,13.0,20.0,9.0,18.0,9.0,34.0,0.0,14.0,14.0,13.0,22.0,18.0,15.0,15.0,29.0,18.0,13.0,8.0,23.0,19.0,16.0,20.0,10.0,13.0,23.0,13.0,9.0,28.0,29.0,14.0,14.0,25.0,26.0,10.0,13.0,14.0,16.0,10.0,16.0,25.0,0.0,0.0,28.0,32.0,25.0,20.0,0.0,18.0,20.0,20.0,32.0,27.0,26.0,15.0,17.0,25.0,29.0,0.0,24.0,32.0,22.0,17.0,22.0,8.0,12.0,16.0,14.0,11.0,0.0,13.0,14.0,0.0,19.0,22.0,22.0,41.0,18.0,14.0,20.0,24.0,18.0,10.0,9.0,8.0,16.0,19.0,26.0,23.0,22.0,15.0,22.0,19.0,15.0,31.0,25.0,18.0,16.0,23.0,22.0,13.0,16.0,25.0,14.0,14.0,14.0,8.0,12.0,7.0,19.0,11.0,15.0,12.0,0.0,22.0,16.0,26.0,16.0,20.0,19.0,25.0,27.0,16.0,16.0,17.0,15.0,14.0,22.0,14.0,7.0,12.0,17.0,12.0,15.0,12.0,16.0,26.0,15.0,23.0,23.0,13.0,14.0,11.0,12.0,10.0,21.0,18.0,13.0,13.0,7.0,12.0,8.0,12.0,9.0,12.0,12.0,14.0,6.0,13.0,13.0,19.0,17.0,24.0,20.0,31.0,10.0,12.0,9.0,18.0,14.0,15.0,13.0,10.0,28.0,21.0,23.0,24.0,14.0,20.0,27.0,21.0,20.0,17.0,7.0,8.0,16.0,7.0,10.0,14.0,9.0,21.0,19.0,28.0,25.0,29.0,28.0,36.0,16.0,16.0,21.0,19.0,23.0,20.0,5.0,11.0,21.0,20.0,19.0,27.0,10.0,33.0,14.0,22.0,14.0,16.0,27.0,24.0,19.0,0.0,15.0,17.0,20.0,13.0,0.0,17.0,13.0,11.0,14.0,17.0,16.0,7.0,24.0,20.0,29.0,17.0,29.0,19.0,25.0,14.0,15.0,11.0,4.0
7.0,22.0,12.0,22.0,18.0,12.0,15.0,22.0,9.0,24.0,22.0,25.0,28.0,23.0,25.0,25.0,10.0,17.0,33.0,25.0,18.0,29.0,17.0,35.0,30.0,25.0,9.0,7.0,21.0,13.0,8.0,11.0,22.0,26.0,12.0,13.0,17.0,15.0,21.0,20.0,16.0,10.0,24.0,31.0,18.0,14.0,14.0,21.0,7.0,7.0,19.0,31.0,26.0,26.0,30.0,14.0,20.0,0.0,10.0,19.0,19.0,19.0,28.0,8.0,8.0,7.0,12.0,18.0,9.0,0.0,10.0,19.0,11.0,16.0,13.0,14.0,19.0,17.0,19.0,16.0,26.0,13.0,14.0,11.0,21.0,19.0,16.0,19.0,12.0,13.0,21.0,0.0,8.0,25.0,23.0,18.0,18.0,29.0,19.0,12.0,14.0,14.0,15.0,13.0,16.0,18.0,29.0,13.0,25.0,29.0,0.0,17.0,25.0,21.0,11.0,22.0,24.0,25.0,30.0,17.0,16.0,27.0,0.0,19.0,24.0,28.0,20.0,12.0,23.0,9.0,17.0,17.0,16.0,22.0,16.0,10.0,13.0,15.0,17.0,26.0,22.0,36.0,27.0,23.0,28.0,26.0,13.0,10.0,9.0,8.0,9.0,29.0,18.0,23.0,15.0,12.0,24.0,23.0,14.0,30.0,28.0,19.0,24.0,23.0,20.0,20.0,13.0,24.0,14.0,10.0,11.0,7.0,12.0,8.0,17.0,11.0,17.0,12.0,8.0,22.0,14.0,35.0,17.0,18.0,20.0,18.0,27.0,12.0,22.0,15.0,15.0,14.0,20.0,15.0,7.0,13.0,8.0,0.0,20.0,16.0,13.0,18.0,11.0,19.0,0.0,12.0,14.0,11.0,11.0,10.0,16.0,19.0,13.0,19.0,7.0,14.0,11.0,18.0,7.0,11.0,13.0,16.0,13.0,12.0,12.0,21.0,21.0,15.0,15.0,23.0,11.0,13.0,10.0,17.0,13.0,16.0,0.0,13.0,18.0,19.0,21.0,23.0,13.0,20.0,27.0,17.0,18.0,17.0,7.0,8.0,10.0,7.0,11.0,10.0,15.0,15.0,19.0,30.0,22.0,29.0,24.0,23.0,16.0,17.0,22.0,16.0,26.0,20.0,5.0,6.0,22.0,20.0,12.0,27.0,10.0,29.0,14.0,18.0,8.0,17.0,29.0,24.0,18.0,23.0,13.0,22.0,18.0,9.0,9.0,17.0,16.0,10.0,14.0,22.0,16.0,5.0,20.0,17.0,23.0,15.0,29.0,18.0,28.0,14.0,14.0,6.0,8.0
17.0,34.0,11.0,14.0,19.0,0.0,13.0,20.0,0.0,21.0,0.0,22.0,30.0,24.0,25.0,26.0,20.0,17.0,25.0,22.0,25.0,37.0,25.0,28.0,22.0,24.0,15.0,10.0,14.0,7.0,8.0,11.0,21.0,20.0,21.0,20.0,18.0,0.0,0.0,35.0,18.0,18.0,25.0,36.0,0.0,17.0,16.0,25.0,14.0,6.0,19.0,33.0,27.0,38.0,34.0,18.0,30.0,26.0,25.0,19.0,36.0,23.0,35.0,0.0,17.0,7.0,14.0,27.0,15.0,22.0,20.0,30.0,12.0,22.0,23.0,17.0,24.0,9.0,0.0,19.0,25.0,31.0,20.0,11.0,26.0,20.0,19.0,25.0,12.0,20.0,29.0,26.0,10.0,0.0,21.0,0.0,14.0,28.0,23.0,16.0,11.0,0.0,0.0,11.0,15.0,18.0,31.0,24.0,31.0,31.0,32.0,23.0,29.0,30.0,34.0,28.0,43.0,37.0,30.0,21.0,19.0,27.0,19.0,28.0,14.0,21.0,25.0,26.0,23.0,10.0,13.0,19.0,11.0,19.0,22.0,12.0,19.0,21.0,23.0,0.0,23.0,31.0,26.0,20.0,20.0,38.0,19.0,17.0,0.0,15.0,16.0,25.0,21.0,25.0,19.0,29.0,23.0,25.0,26.0,44.0,33.0,23.0,18.0,30.0,27.0,13.0,18.0,29.0,14.0,15.0,12.0,8.0,12.0,0.0,23.0,11.0,21.0,11.0,9.0,29.0,16.0,22.0,16.0,18.0,17.0,17.0,25.0,12.0,17.0,17.0,24.0,21.0,22.0,15.0,7.0,13.0,10.0,13.0,16.0,10.0,17.0,26.0,16.0,19.0,14.0,19.0,15.0,16.0,8.0,8.0,26.0,15.0,16.0,19.0,6.0,13.0,12.0,20.0,9.0,11.0,12.0,16.0,0.0,13.0,12.0,21.0,20.0,20.0,16.0,25.0,12.0,10.0,9.0,17.0,15.0,20.0,16.0,21.0,0.0,18.0,32.0,22.0,23.0,20.0,29.0,18.0,18.0,16.0,7.0,6.0,10.0,6.0,10.0,9.0,0.0,22.0,16.0,18.0,28.0,32.0,34.0,35.0,16.0,20.0,29.0,13.0,18.0,20.0,5.0,7.0,25.0,20.0,15.0,30.0,9.0,32.0,22.0,21.0,14.0,0.0,37.0,0.0,29.0,22.0,19.0,27.0,0.0,17.0,7.0,16.0,12.0,14.0,26.0,30.0,14.0,6.0,26.0,26.0,22.0,18.0,28.0,19.0,25.0,14.0,12.0,6.0,7.0
10.0,37.0,17.0,18.0,0.0,11.0,12.0,21.0,9.0,27.0,22.0,26.0,27.0,34.0,29.0,24.0,10.0,25.0,34.0,25.0,31.0,21.0,31.0,27.0,29.0,28.0,0.0,10.0,23.0,0.0,9.0,21.0,28.0,25.0,33.0,17.0,17.0,14.0,10.0,34.0,15.0,13.0,23.0,32.0,14.0,14.0,22.0,24.0,12.0,12.0,19.0,28.0,25.0,31.0,28.0,23.0,22.0,26.0,28.0,0.0,35.0,12.0,35.0,8.0,16.0,10.0,13.0,24.0,11.0,30.0,20.0,28.0,20.0,14.0,18.0,17.0,19.0,0.0,14.0,10.0,17.0,30.0,26.0,14.0,19.0,0.0,17.0,25.0,17.0,19.0,26.0,20.0,0.0,15.0,22.0,17.0,18.0,29.0,26.0,16.0,0.0,14.0,13.0,14.0,17.0,26.0,33.0,14.0,26.0,34.0,43.0,25.0,26.0,39.0,26.0,35.0,24.0,29.0,40.0,24.0,17.0,28.0,23.0,30.0,29.0,25.0,20.0,25.0,16.0,9.0,17.0,16.0,8.0,21.0,23.0,20.0,0.0,25.0,14.0,12.0,25.0,28.0,28.0,0.0,18.0,30.0,28.0,12.0,13.0,15.0,10.0,23.0,24.0,29.0,24.0,27.0,25.0,26.0,25.0,42.0,29.0,23.0,22.0,29.0,27.0,22.0,11.0,21.0,15.0,21.0,15.0,7.0,16.0,13.0,30.0,12.0,16.0,10.0,8.0,14.0,17.0,29.0,16.0,17.0,21.0,18.0,23.0,0.0,17.0,17.0,22.0,19.0,19.0,17.0,17.0,12.0,17.0,16.0,20.0,20.0,15.0,23.0,26.0,24.0,10.0,12.0,14.0,11.0,12.0,10.0,19.0,15.0,12.0,18.0,8.0,13.0,9.0,13.0,10.0,11.0,13.0,0.0,13.0,12.0,13.0,18.0,18.0,14.0,0.0,25.0,10.0,11.0,10.0,15.0,14.0,20.0,25.0,26.0,28.0,23.0,21.0,23.0,0.0,20.0,18.0,23.0,13.0,16.0,17.0,5.0,10.0,9.0,7.0,13.0,22.0,29.0,14.0,17.0,35.0,34.0,35.0,41.0,26.0,25.0,27.0,16.0,26.0,21.0,3.0,0.0,18.0,17.0,19.0,33.0,15.0,28.0,15.0,20.0,13.0,12.0,30.0,34.0,27.0,38.0,19.0,25.0,21.0,17.0,11.0,16.0,11.0,19.0,24.0,22.0,17.0,6.0,18.0,20.0,22.0,18.0,28.0,18.0,21.0,14.0,11.0,7.0,4.0
15.0,22.0,8.0,18.0,31.0,18.0,11.0,0.0,14.0,26.0,13.0,25.0,34.0,17.0,31.0,23.0,17.0,19.0,35.0,30.0,40.0,34.0,26.0,0.0,32.0,29.0,23.0,7.0,12.0,7.0,8.0,12.0,17.0,19.0,31.0,22.0,20.0,22.0,20.0,38.0,21.0,16.0,0.0,28.0,20.0,17.0,18.0,19.0,8.0,10.0,17.0,18.0,32.0,35.0,15.0,31.0,21.0,25.0,26.0,19.0,16.0,23.0,25.0,8.0,17.0,9.0,17.0,0.0,17.0,27.0,20.0,28.0,19.0,11.0,12.0,10.0,0.0,16.0,22.0,6.0,19.0,23.0,32.0,10.0,26.0,21.0,21.0,28.0,14.0,14.0,0.0,23.0,13.0,32.0,19.0,18.0,18.0,24.0,29.0,12.0,13.0,12.0,21.0,10.0,15.0,28.0,32.0,37.0,25.0,32.0,36.0,20.0,16.0,34.0,24.0,28.0,31.0,30.0,32.0,31.0,18.0,26.0,35.0,31.0,19.0,29.0,38.0,20.0,19.0,10.0,11.0,0.0,16.0,22.0,21.0,18.0,13.0,37.0,28.0,21.0,0.0,25.0,27.0,21.0,34.0,28.0,18.0,14.0,12.0,11.0,8.0,30.0,34.0,21.0,32.0,16.0,27.0,24.0,19.0,50.0,24.0,31.0,9.0,17.0,13.0,26.0,9.0,25.0,28.0,26.0,14.0,7.0,9.0,23.0,16.0,10.0,16.0,15.0,9.0,23.0,9.0,0.0,17.0,19.0,24.0,36.0,0.0,22.0,18.0,20.0,23.0,15.0,0.0,18.0,11.0,12.0,17.0,23.0,24.0,32.0,16.0,0.0,17.0,31.0,29.0,12.0,9.0,8.0,15.0,9.0,23.0,13.0,15.0,38.0,13.0,12.0,12.0,28.0,18.0,12.0,13.0,14.0,6.0,8.0,0.0,27.0,19.0,0.0,16.0,0.0,13.0,15.0,10.0,18.0,16.0,43.0,18.0,22.0,27.0,35.0,25.0,42.0,24.0,0.0,0.0,34.0,15.0,16.0,18.0,8.0,9.0,6.0,19.0,16.0,19.0,22.0,29.0,0.0,24.0,0.0,26.0,48.0,27.0,29.0,0.0,0.0,26.0,20.0,7.0,11.0,22.0,19.0,12.0,31.0,16.0,36.0,16.0,27.0,13.0,17.0,18.0,33.0,15.0,30.0,16.0,22.0,22.0,13.0,11.0,17.0,13.0,6.0,0.0,22.0,17.0,6.0,0.0,22.0,31.0,18.0,33.0,10.0,0.0,16.0,16.0,9.0,8.0
16.0,23.0,19.0,18.0,27.0,13.0,0.0,22.0,11.0,29.0,21.0,28.0,26.0,29.0,33.0,24.0,10.0,18.0,32.0,29.0,16.0,28.0,0.0,36.0,15.0,17.0,18.0,11.0,12.0,8.0,0.0,17.0,29.0,24.0,22.0,15.0,17.0,14.0,15.0,28.0,17.0,15.0,28.0,37.0,23.0,14.0,22.0,28.0,14.0,13.0,20.0,29.0,19.0,27.0,30.0,24.0,23.0,25.0,15.0,16.0,20.0,12.0,25.0,9.0,25.0,12.0,13.0,21.0,17.0,24.0,14.0,32.0,15.0,23.0,19.0,14.0,27.0,24.0,11.0,15.0,23.0,21.0,13.0,10.0,15.0,19.0,17.0,20.0,9.0,14.0,22.0,14.0,9.0,29.0,20.0,19.0,20.0,28.0,31.0,19.0,13.0,14.0,15.0,17.0,15.0,35.0,19.0,11.0,24.0,33.0,28.0,21.0,15.0,0.0,23.0,0.0,28.0,27.0,0.0,19.0,20.0,27.0,28.0,18.0,38.0,26.0,21.0,25.0,20.0,0.0,22.0,21.0,10.0,11.0,17.0,20.0,18.0,16.0,17.0,22.0,32.0,34.0,0.0,14.0,31.0,25.0,18.0,12.0,12.0,9.0,27.0,0.0,26.0,25.0,21.0,24.0,30.0,24.0,14.0,39.0,29.0,23.0,26.0,33.0,22.0,22.0,17.0,23.0,15.0,20.0,16.0,9.0,12.0,15.0,19.0,12.0,18.0,12.0,8.0,25.0,13.0,37.0,17.0,20.0,19.0,21.0,28.0,20.0,19.0,17.0,15.0,15.0,26.0,21.0,0.0,0.0,18.0,15.0,22.0,18.0,17.0,29.0,15.0,30.0,19.0,14.0,19.0,11.0,15.0,11.0,25.0,19.0,16.0,15.0,7.0,13.0,0.0,18.0,11.0,15.0,13.0,17.0,13.0,17.0,13.0,21.0,20.0,22.0,15.0,26.0,12.0,12.0,15.0,20.0,15.0,18.0,15.0,0.0,29.0,24.0,30.0,29.0,16.0,23.0,25.0,20.0,20.0,13.0,13.0,6.0,15.0,7.0,7.0,19.0,10.0,27.0,22.0,18.0,24.0,34.0,28.0,44.0,16.0,31.0,22.0,18.0,33.0,20.0,5.0,6.0,24.0,18.0,19.0,27.0,16.0,35.0,15.0,21.0,16.0,21.0,30.0,33.0,25.0,15.0,15.0,23.0,19.0,12.0,9.0,17.0,14.0,15.0,19.0,21.0,13.0,11.0,23.0,23.0,26.0,17.0,29.0,19.0,25.0,15.0,14.0,15.0,8.0
16.0,22.0,11.0,18.0,23.0,12.0,13.0,15.0,21.0,24.0,22.0,35.0,33.0,33.0,21.0,15.0,10.0,16.0,34.0,29.0,29.0,39.0,22.0,27.0,33.0,28.0,22.0,7.0,16.0,7.0,9.0,13.0,16.0,25.0,32.0,13.0,18.0,16.0,15.0,29.0,19.0,14.0,25.0,32.0,22.0,17.0,17.0,0.0,8.0,11.0,0.0,23.0,26.0,39.0,29.0,44.0,19.0,23.0,27.0,15.0,11.0,0.0,24.0,8.0,17.0,12.0,10.0,16.0,8.0,24.0,16.0,35.0,20.0,17.0,12.0,10.0,16.0,18.0,22.0,0.0,32.0,31.0,30.0,18.0,11.0,23.0,18.0,21.0,10.0,21.0,21.0,24.0,21.0,27.0,12.0,15.0,14.0,23.0,13.0,22.0,12.0,14.0,16.0,16.0,0.0,23.0,28.0,35.0,20.0,0.0,36.0,22.0,18.0,50.0,20.0,24.0,31.0,34.0,41.0,36.0,14.0,36.0,34.0,27.0,18.0,23.0,22.0,0.0,18.0,8.0,16.0,15.0,16.0,18.0,17.0,17.0,13.0,35.0,22.0,19.0,20.0,33.0,27.0,18.0,16.0,31.0,28.0,12.0,12.0,14.0,11.0,37.0,28.0,23.0,24.0,20.0,32.0,20.0,16.0,34.0,22.0,25.0,12.0,22.0,17.0,19.0,11.0,23.0,15.0,12.0,12.0,0.0,11.0,12.0,16.0,10.0,14.0,14.0,9.0,16.0,13.0,18.0,0.0,17.0,21.0,35.0,15.0,15.0,21.0,22.0,21.0,13.0,20.0,16.0,11.0,13.0,16.0,15.0,23.0,28.0,17.0,11.0,13.0,26.0,24.0,12.0,15.0,14.0,16.0,21.0,25.0,12.0,11.0,24.0,7.0,13.0,12.0,16.0,9.0,11.0,12.0,14.0,6.0,12.0,12.0,22.0,14.0,20.0,13.0,22.0,11.0,12.0,9.0,15.0,16.0,28.0,20.0,21.0,31.0,34.0,31.0,31.0,23.0,23.0,22.0,0.0,22.0,16.0,19.0,7.0,9.0,7.0,12.0,12.0,17.0,15.0,25.0,12.0,0.0,22.0,28.0,32.0,38.0,27.0,18.0,12.0,23.0,20.0,5.0,7.0,20.0,20.0,15.0,27.0,14.0,23.0,16.0,22.0,13.0,16.0,24.0,39.0,14.0,28.0,12.0,21.0,27.0,14.0,10.0,12.0,13.0,13.0,18.0,22.0,19.0,6.0,22.0,19.0,28.0,23.0,32.0,17.0,18.0,10.0,15.0,7.0,6.0
7.0,19.0,11.0,13.0,30.0,17.0,19.0,19.0,14.0,23.0,24.0,41.0,30.0,36.0,0.0,25.0,22.0,17.0,0.0,0.0,29.0,31.0,22.0,37.0,25.0,34.0,16.0,7.0,18.0,12.0,10.0,14.0,27.0,21.0,21.0,20.0,0.0,18.0,28.0,13.0,21.0,18.0,33.0,31.0,20.0,16.0,15.0,29.0,13.0,12.0,20.0,31.0,24.0,0.0,34.0,23.0,26.0,22.0,15.0,19.0,22.0,14.0,31.0,10.0,7.0,12.0,19.0,25.0,17.0,39.0,23.0,19.0,27.0,16.0,16.0,11.0,21.0,17.0,22.0,19.0,32.0,22.0,23.0,13.0,13.0,19.0,31.0,0.0,22.0,14.0,29.0,18.0,9.0,30.0,24.0,12.0,18.0,30.0,18.0,17.0,10.0,14.0,15.0,14.0,22.0,25.0,24.0,41.0,0.0,44.0,23.0,17.0,30.0,33.0,21.0,26.0,39.0,22.0,25.0,16.0,25.0,0.0,24.0,24.0,34.0,34.0,19.0,17.0,21.0,10.0,15.0,19.0,17.0,13.0,34.0,17.0,15.0,33.0,18.0,26.0,28.0,45.0,19.0,15.0,20.0,31.0,20.0,12.0,10.0,11.0,16.0,41.0,24.0,21.0,0.0,21.0,31.0,18.0,16.0,28.0,27.0,21.0,25.0,25.0,26.0,16.0,17.0,22.0,12.0,19.0,14.0,8.0,11.0,18.0,17.0,12.0,11.0,14.0,9.0,32.0,15.0,27.0,19.0,22.0,20.0,23.0,24.0,16.0,23.0,0.0,31.0,14.0,21.0,25.0,8.0,12.0,13.0,17.0,21.0,31.0,20.0,28.0,11.0,14.0,18.0,14.0,8.0,10.0,11.0,15.0,0.0,20.0,17.0,25.0,7.0,20.0,15.0,15.0,8.0,12.0,13.0,13.0,6.0,14.0,12.0,25.0,21.0,34.0,14.0,32.0,12.0,8.0,16.0,17.0,21.0,14.0,19.0,18.0,32.0,0.0,24.0,20.0,24.0,24.0,29.0,21.0,18.0,20.0,13.0,7.0,9.0,7.0,14.0,17.0,21.0,25.0,27.0,24.0,29.0,36.0,28.0,25.0,21.0,35.0,20.0,19.0,0.0,27.0,5.0,6.0,21.0,18.0,7.0,25.0,12.0,25.0,8.0,20.0,16.0,24.0,26.0,34.0,18.0,24.0,16.0,26.0,25.0,8.0,9.0,16.0,14.0,24.0,22.0,20.0,18.0,10.0,19.0,16.0,25.0,17.0,24.0,22.0,29.0,10.0,9.0,7.0,8.0
7.0,13.0,21.0,17.0,28.0,20.0,15.0,22.0,9.0,27.0,16.0,21.0,32.0,32.0,22.0,25.0,18.0,21.0,30.0,27.0,37.0,36.0,23.0,24.0,31.0,28.0,19.0,7.0,14.0,12.0,7.0,14.0,20.0,17.0,23.0,14.0,17.0,15.0,23.0,29.0,17.0,13.0,25.0,35.0,17.0,20.0,0.0,21.0,0.0,11.0,11.0,26.0,0.0,34.0,28.0,26.0,22.0,32.0,27.0,19.0,15.0,11.0,27.0,9.0,19.0,9.0,0.0,15.0,19.0,35.0,15.0,29.0,19.0,11.0,11.0,14.0,17.0,20.0,18.0,9.0,28.0,29.0,31.0,13.0,23.0,16.0,18.0,20.0,0.0,21.0,13.0,15.0,16.0,33.0,25.0,23.0,14.0,25.0,22.0,17.0,14.0,13.0,11.0,9.0,15.0,25.0,34.0,25.0,20.0,42.0,26.0,0.0,26.0,28.0,0.0,23.0,15.0,31.0,32.0,25.0,18.0,27.0,25.0,33.0,27.0,29.0,27.0,15.0,18.0,11.0,0.0,14.0,16.0,0.0,18.0,14.0,14.0,27.0,24.0,21.0,22.0,36.0,27.0,16.0,18.0,19.0,23.0,10.0,13.0,0.0,0.0,35.0,20.0,25.0,22.0,23.0,30.0,14.0,13.0,39.0,31.0,30.0,13.0,34.0,25.0,26.0,19.0,30.0,16.0,0.0,14.0,8.0,11.0,8.0,32.0,11.0,12.0,12.0,11.0,22.0,12.0,23.0,15.0,0.0,18.0,20.0,21.0,18.0,17.0,21.0,20.0,16.0,19.0,16.0,7.0,12.0,24.0,18.0,21.0,22.0,13.0,15.0,16.0,28.0,37.0,13.0,14.0,0.0,14.0,0.0,20.0,18.0,15.0,17.0,7.0,20.0,11.0,18.0,9.0,11.0,18.0,14.0,6.0,0.0,13.0,19.0,20.0,28.0,14.0,19.0,11.0,11.0,10.0,15.0,15.0,31.0,10.0,22.0,29.0,24.0,0.0,34.0,15.0,19.0,16.0,21.0,0.0,17.0,13.0,0.0,8.0,6.0,0.0,0.0,17.0,0.0,13.0,15.0,20.0,24.0,26.0,32.0,26.0,29.0,21.0,25.0,25.0,21.0,0.0,6.0,23.0,13.0,19.0,32.0,16.0,32.0,16.0,0.0,13.0,15.0,29.0,28.0,0.0,34.0,16.0,0.0,23.0,0.0,9.0,14.0,12.0,14.0,19.0,24.0,15.0,9.0,20.0,0.0,29.0,0.0,28.0,14.0,23.0,13.0,0.0,9.0,4.0
11.0,25.0,17.0,18.0,14.0,20.0,15.0,24.0,14.0,0.0,22.0,0.0,26.0,36.0,17.0,26.0,20.0,23.0,23.0,20.0,28.0,29.0,25.0,32.0,32.0,35.0,16.0,7.0,0.0,7.0,8.0,13.0,19.0,22.0,15.0,20.0,17.0,16.0,20.0,34.0,16.0,15.0,24.0,0.0,20.0,17.0,19.0,22.0,7.0,16.0,21.0,28.0,21.0,27.0,30.0,21.0,0.0,29.0,14.0,16.0,21.0,11.0,29.0,8.0,18.0,10.0,14.0,19.0,12.0,22.0,14.0,32.0,17.0,18.0,12.0,10.0,18.0,16.0,17.0,9.0,23.0,29.0,32.0,24.0,0.0,9.0,0.0,14.0,8.0,14.0,23.0,26.0,11.0,29.0,0.0,13.0,18.0,28.0,0.0,22.0,11.0,13.0,20.0,11.0,16.0,19.0,27.0,22.0,23.0,36.0,29.0,22.0,23.0,28.0,17.0,25.0,22.0,29.0,33.0,18.0,23.0,27.0,30.0,24.0,23.0,0.0,0.0,19.0,19.0,10.0,9.0,15.0,0.0,17.0,23.0,18.0,12.0,26.0,0.0,18.0,21.0,39.0,28.0,23.0,19.0,26.0,25.0,12.0,12.0,10.0,11.0,36.0,22.0,21.0,25.0,21.0,47.0,22.0,15.0,27.0,22.0,17.0,25.0,20.0,21.0,15.0,12.0,0.0,0.0,19.0,14.0,8.0,0.0,18.0,25.0,11.0,18.0,14.0,10.0,0.0,0.0,31.0,18.0,15.0,16.0,15.0,14.0,14.0,15.0,17.0,27.0,11.0,20.0,18.0,7.0,14.0,17.0,15.0,22.0,23.0,19.0,26.0,14.0,21.0,17.0,13.0,0.0,11.0,14.0,9.0,18.0,20.0,12.0,26.0,7.0,20.0,12.0,15.0,12.0,11.0,13.0,14.0,15.0,9.0,12.0,17.0,16.0,19.0,13.0,23.0,18.0,11.0,10.0,0.0,15.0,20.0,19.0,17.0,25.0,29.0,28.0,27.0,30.0,26.0,18.0,22.0,15.0,15.0,7.0,5.0,11.0,0.0,11.0,14.0,17.0,21.0,26.0,33.0,34.0,34.0,20.0,34.0,16.0,25.0,20.0,16.0,24.0,26.0,5.0,7.0,22.0,0.0,17.0,0.0,15.0,0.0,14.0,20.0,16.0,24.0,0.0,30.0,19.0,32.0,20.0,21.0,25.0,8.0,11.0,16.0,14.0,16.0,19.0,19.0,13.0,6.0,25.0,18.0,26.0,21.0,0.0,21.0,23.0,14.0,15.0,6.0,8.0
15.0,14.0,8.0,24.0,21.0,17.0,15.0,21.0,9.0,18.0,22.0,28.0,29.0,33.0,21.0,24.0,23.0,16.0,27.0,25.0,26.0,0.0,25.0,29.0,33.0,42.0,15.0,7.0,12.0,19.0,8.0,15.0,13.0,24.0,21.0,19.0,16.0,16.0,20.0,43.0,18.0,17.0,33.0,21.0,21.0,15.0,16.0,28.0,9.0,13.0,18.0,34.0,16.0,25.0,19.0,27.0,27.0,24.0,23.0,17.0,14.0,21.0,28.0,8.0,27.0,12.0,17.0,16.0,8.0,24.0,24.0,27.0,14.0,15.0,13.0,12.0,18.0,21.0,29.0,9.0,28.0,20.0,20.0,23.0,19.0,14.0,19.0,20.0,20.0,13.0,16.0,13.0,10.0,25.0,26.0,23.0,18.0,21.0,15.0,25.0,10.0,13.0,25.0,9.0,14.0,24.0,34.0,22.0,21.0,36.0,31.0,19.0,23.0,28.0,24.0,17.0,25.0,25.0,36.0,16.0,0.0,31.0,32.0,21.0,18.0,26.0,20.0,22.0,23.0,10.0,16.0,18.0,15.0,14.0,21.0,10.0,8.0,24.0,22.0,17.0,19.0,27.0,30.0,17.0,19.0,24.0,22.0,12.0,10.0,8.0,10.0,36.0,26.0,25.0,23.0,20.0,27.0,24.0,13.0,23.0,28.0,24.0,36.0,16.0,14.0,17.0,14.0,21.0,15.0,27.0,12.0,7.0,11.0,14.0,17.0,10.0,14.0,14.0,11.0,30.0,12.0,26.0,13.0,24.0,0.0,0.0,21.0,15.0,20.0,21.0,26.0,0.0,19.0,15.0,7.0,12.0,17.0,28.0,21.0,29.0,17.0,13.0,15.0,28.0,12.0,12.0,17.0,22.0,14.0,9.0,21.0,14.0,17.0,24.0,9.0,14.0,12.0,17.0,20.0,11.0,12.0,13.0,10.0,9.0,10.0,0.0,18.0,15.0,22.0,22.0,9.0,14.0,12.0,13.0,15.0,26.0,12.0,20.0,23.0,28.0,24.0,29.0,17.0,25.0,34.0,16.0,18.0,17.0,7.0,5.0,0.0,7.0,14.0,13.0,16.0,21.0,0.0,28.0,30.0,36.0,22.0,27.0,17.0,31.0,19.0,14.0,24.0,26.0,3.0,11.0,24.0,17.0,14.0,23.0,16.0,18.0,15.0,19.0,18.0,19.0,23.0,41.0,24.0,36.0,12.0,17.0,23.0,12.0,9.0,14.0,14.0,8.0,14.0,23.0,18.0,10.0,21.0,15.0,22.0,14.0,25.0,15.0,27.0,13.0,14.0,9.0,10.0
14.0,24.0,12.0,14.0,14.0,12.0,17.0,24.0,18.0,24.0,12.0,22.0,35.0,25.0,28.0,23.0,10.0,0.0,29.0,29.0,26.0,25.0,19.0,33.0,27.0,26.0,18.0,7.0,11.0,14.0,11.0,15.0,20.0,17.0,0.0,0.0,18.0,13.0,8.0,25.0,19.0,8.0,25.0,23.0,17.0,17.0,12.0,21.0,7.0,0.0,11.0,24.0,22.0,22.0,29.0,0.0,15.0,16.0,14.0,18.0,15.0,12.0,31.0,8.0,16.0,10.0,14.0,19.0,0.0,17.0,9.0,15.0,26.0,23.0,13.0,10.0,21.0,17.0,23.0,8.0,0.0,22.0,14.0,9.0,12.0,23.0,23.0,20.0,10.0,20.0,20.0,15.0,9.0,20.0,15.0,12.0,14.0,26.0,14.0,21.0,13.0,11.0,15.0,0.0,16.0,19.0,22.0,20.0,25.0,29.0,18.0,23.0,23.0,25.0,14.0,23.0,25.0,24.0,31.0,16.0,17.0,19.0,23.0,19.0,26.0,22.0,20.0,14.0,22.0,9.0,7.0,19.0,8.0,24.0,22.0,13.0,20.0,23.0,18.0,14.0,19.0,36.0,27.0,8.0,16.0,20.0,24.0,12.0,11.0,12.0,16.0,33.0,26.0,27.0,16.0,19.0,26.0,17.0,13.0,35.0,25.0,19.0,13.0,23.0,19.0,14.0,19.0,21.0,14.0,22.0,0.0,9.0,12.0,9.0,17.0,10.0,18.0,11.0,9.0,24.0,14.0,21.0,16.0,14.0,25.0,18.0,19.0,12.0,16.0,22.0,13.0,16.0,18.0,17.0,7.0,12.0,10.0,15.0,0.0,16.0,14.0,39.0,14.0,20.0,14.0,14.0,22.0,11.0,15.0,11.0,21.0,19.0,15.0,23.0,0.0,14.0,12.0,16.0,8.0,12.0,12.0,16.0,6.0,12.0,12.0,15.0,18.0,25.0,13.0,23.0,17.0,11.0,9.0,15.0,13.0,19.0,15.0,15.0,17.0,16.0,16.0,22.0,22.0,21.0,20.0,16.0,14.0,15.0,0.0,6.0,11.0,6.0,10.0,13.0,10.0,19.0,17.0,16.0,21.0,22.0,29.0,30.0,0.0,17.0,22.0,14.0,24.0,20.0,5.0,7.0,20.0,20.0,18.0,26.0,14.0,28.0,10.0,19.0,0.0,16.0,24.0,30.0,18.0,16.0,0.0,20.0,15.0,12.0,10.0,0.0,12.0,8.0,13.0,23.0,13.0,0.0,22.0,20.0,27.0,20.0,26.0,21.0,25.0,14.0,12.0,7.0,7.0
17.0,29.0,15.0,18.0,27.0,13.0,16.0,23.0,11.0,37.0,25.0,24.0,26.0,25.0,30.0,25.0,0.0,18.0,31.0,24.0,33.0,36.0,24.0,36.0,0.0,27.0,14.0,10.0,21.0,22.0,9.0,14.0,24.0,10.0,22.0,18.0,17.0,15.0,15.0,30.0,19.0,16.0,23.0,35.0,27.0,18.0,15.0,23.0,18.0,11.0,18.0,24.0,29.0,23.0,27.0,24.0,26.0,25.0,18.0,18.0,18.0,12.0,27.0,16.0,20.0,9.0,16.0,20.0,24.0,25.0,21.0,33.0,22.0,20.0,14.0,0.0,22.0,17.0,14.0,12.0,30.0,0.0,0.0,13.0,31.0,19.0,23.0,25.0,14.0,0.0,27.0,21.0,15.0,28.0,34.0,21.0,23.0,26.0,33.0,21.0,8.0,19.0,20.0,14.0,15.0,27.0,21.0,13.0,26.0,35.0,34.0,23.0,31.0,24.0,23.0,23.0,25.0,34.0,32.0,18.0,22.0,32.0,19.0,12.0,34.0,33.0,26.0,23.0,27.0,12.0,15.0,17.0,16.0,12.0,16.0,18.0,18.0,20.0,20.0,20.0,29.0,48.0,27.0,19.0,23.0,32.0,21.0,19.0,12.0,10.0,13.0,22.0,22.0,26.0,28.0,0.0,25.0,24.0,22.0,37.0,29.0,31.0,23.0,25.0,25.0,23.0,19.0,27.0,20.0,15.0,15.0,9.0,13.0,15.0,26.0,16.0,0.0,16.0,10.0,23.0,16.0,28.0,18.0,18.0,22.0,30.0,34.0,20.0,23.0,26.0,0.0,14.0,22.0,20.0,11.0,8.0,17.0,15.0,19.0,0.0,21.0,30.0,24.0,24.0,21.0,19.0,21.0,10.0,14.0,11.0,19.0,23.0,12.0,28.0,9.0,12.0,11.0,0.0,13.0,14.0,16.0,19.0,14.0,15.0,14.0,25.0,20.0,16.0,15.0,27.0,0.0,11.0,0.0,20.0,0.0,17.0,16.0,21.0,29.0,21.0,28.0,25.0,18.0,24.0,22.0,35.0,17.0,21.0,14.0,9.0,12.0,10.0,7.0,12.0,17.0,26.0,21.0,25.0,31.0,28.0,28.0,31.0,33.0,17.0,24.0,26.0,30.0,0.0,5.0,6.0,23.0,19.0,19.0,26.0,17.0,32.0,18.0,21.0,13.0,21.0,20.0,33.0,23.0,30.0,16.0,26.0,20.0,9.0,12.0,18.0,16.0,19.0,20.0,21.0,0.0,7.0,24.0,22.0,32.0,16.0,28.0,20.0,26.0,10.0,14.0,9.0,4.0
15.0,20.0,20.0,0.0,19.0,17.0,13.0,25.0,9.0,27.0,24.0,21.0,40.0,35.0,27.0,22.0,22.0,17.0,28.0,31.0,37.0,25.0,20.0,27.0,30.0,29.0,10.0,7.0,21.0,15.0,7.0,14.0,22.0,16.0,18.0,13.0,17.0,17.0,10.0,23.0,20.0,15.0,25.0,29.0,23.0,10.0,14.0,19.0,9.0,14.0,19.0,30.0,18.0,17.0,24.0,20.0,17.0,19.0,25.0,16.0,17.0,12.0,32.0,8.0,17.0,7.0,12.0,16.0,20.0,23.0,11.0,26.0,18.0,0.0,14.0,14.0,24.0,18.0,20.0,18.0,25.0,26.0,20.0,0.0,19.0,21.0,32.0,17.0,17.0,22.0,18.0,22.0,10.0,30.0,29.0,22.0,0.0,28.0,28.0,18.0,11.0,14.0,22.0,13.0,8.0,23.0,31.0,19.0,17.0,25.0,27.0,16.0,25.0,32.0,20.0,30.0,19.0,31.0,38.0,17.0,12.0,30.0,22.0,22.0,24.0,16.0,16.0,13.0,15.0,8.0,17.0,18.0,13.0,9.0,15.0,0.0,8.0,29.0,17.0,20.0,22.0,35.0,25.0,8.0,21.0,29.0,19.0,12.0,9.0,6.0,10.0,32.0,29.0,20.0,15.0,21.0,27.0,0.0,12.0,41.0,25.0,22.0,24.0,23.0,20.0,16.0,14.0,20.0,13.0,22.0,12.0,7.0,12.0,11.0,24.0,10.0,14.0,14.0,9.0,19.0,18.0,26.0,19.0,17.0,21.0,20.0,18.0,13.0,19.0,17.0,21.0,17.0,20.0,15.0,17.0,12.0,23.0,16.0,23.0,19.0,0.0,24.0,21.0,25.0,16.0,0.0,25.0,10.0,12.0,10.0,19.0,19.0,21.0,21.0,9.0,16.0,12.0,18.0,10.0,14.0,13.0,10.0,15.0,12.0,13.0,19.0,20.0,21.0,15.0,25.0,14.0,0.0,9.0,15.0,14.0,21.0,17.0,18.0,25.0,17.0,29.0,22.0,15.0,18.0,22.0,18.0,16.0,0.0,13.0,6.0,14.0,7.0,7.0,17.0,15.0,17.0,15.0,16.0,29.0,28.0,23.0,36.0,18.0,19.0,16.0,15.0,24.0,20.0,3.0,5.0,21.0,13.0,20.0,22.0,16.0,20.0,14.0,18.0,12.0,22.0,27.0,34.0,23.0,25.0,16.0,18.0,25.0,13.0,8.0,14.0,13.0,13.0,13.0,21.0,16.0,6.0,22.0,11.0,26.0,13.0,26.0,18.0,24.0,11.0,11.0,7.0,7.0
0.0,0.0,21.0,18.0,27.0,20.0,21.0,22.0,14.0,26.0,22.0,33.0,28.0,27.0,35.0,29.0,18.0,19.0,36.0,31.0,38.0,40.0,23.0,28.0,31.0,32.0,17.0,0.0,13.0,8.0,8.0,15.0,22.0,0.0,39.0,14.0,29.0,18.0,19.0,53.0,19.0,0.0,24.0,28.0,19.0,17.0,11.0,21.0,9.0,11.0,17.0,24.0,22.0,39.0,30.0,23.0,39.0,30.0,30.0,21.0,0.0,15.0,27.0,8.0,17.0,9.0,8.0,26.0,18.0,36.0,0.0,26.0,14.0,9.0,20.0,15.0,28.0,24.0,17.0,15.0,28.0,31.0,49.0,11.0,28.0,19.0,17.0,25.0,11.0,18.0,26.0,29.0,29.0,34.0,28.0,15.0,14.0,23.0,31.0,20.0,15.0,13.0,11.0,11.0,15.0,25.0,38.0,51.0,29.0,36.0,38.0,17.0,30.0,29.0,17.0,26.0,0.0,38.0,44.0,26.0,21.0,38.0,25.0,35.0,32.0,33.0,26.0,16.0,0.0,8.0,9.0,18.0,11.0,8.0,17.0,16.0,20.0,29.0,45.0,18.0,24.0,30.0,29.0,14.0,26.0,0.0,35.0,0.0,16.0,9.0,9.0,41.0,27.0,24.0,19.0,25.0,31.0,24.0,0.0,0.0,36.0,41.0,31.0,31.0,26.0,19.0,13.0,33.0,19.0,14.0,11.0,7.0,12.0,13.0,31.0,0.0,22.0,12.0,11.0,31.0,11.0,24.0,16.0,15.0,20.0,20.0,24.0,21.0,20.0,17.0,21.0,19.0,19.0,16.0,7.0,13.0,23.0,26.0,14.0,30.0,15.0,33.0,25.0,37.0,32.0,20.0,9.0,11.0,14.0,10.0,27.0,18.0,12.0,27.0,12.0,14.0,12.0,18.0,10.0,0.0,0.0,13.0,6.0,12.0,12.0,17.0,16.0,32.0,15.0,33.0,14.0,11.0,10.0,13.0,14.0,44.0,19.0,19.0,28.0,27.0,22.0,35.0,22.0,23.0,22.0,18.0,18.0,15.0,13.0,5.0,8.0,6.0,22.0,14.0,23.0,19.0,27.0,25.0,34.0,28.0,32.0,29.0,30.0,38.0,25.0,24.0,32.0,19.0,5.0,5.0,22.0,19.0,18.0,26.0,14.0,31.0,10.0,17.0,16.0,15.0,25.0,32.0,26.0,30.0,28.0,14.0,25.0,12.0,9.0,18.0,0.0,9.0,20.0,21.0,11.0,11.0,25.0,12.0,31.0,12.0,39.0,11.0,25.0,10.0,14.0,9.0,7.0
15.0,25.0,15.0,16.0,25.0,13.0,12.0,23.0,9.0,29.0,14.0,27.0,30.0,21.0,24.0,25.0,10.0,15.0,31.0,26.0,16.0,21.0,16.0,34.0,11.0,15.0,14.0,7.0,11.0,7.0,7.0,12.0,26.0,31.0,18.0,19.0,18.0,15.0,11.0,22.0,19.0,16.0,22.0,37.0,26.0,0.0,16.0,20.0,8.0,11.0,14.0,33.0,26.0,25.0,29.0,19.0,20.0,21.0,9.0,18.0,19.0,14.0,32.0,8.0,17.0,7.0,13.0,18.0,14.0,15.0,9.0,19.0,13.0,13.0,12.0,11.0,20.0,15.0,14.0,15.0,31.0,19.0,14.0,7.0,21.0,19.0,15.0,20.0,15.0,22.0,23.0,17.0,10.0,26.0,29.0,22.0,13.0,25.0,18.0,0.0,12.0,24.0,14.0,10.0,16.0,26.0,16.0,11.0,24.0,34.0,16.0,21.0,8.0,23.0,24.0,26.0,26.0,28.0,26.0,15.0,24.0,21.0,26.0,13.0,32.0,29.0,17.0,13.0,19.0,8.0,13.0,20.0,14.0,10.0,15.0,13.0,13.0,12.0,15.0,22.0,22.0,37.0,14.0,22.0,19.0,25.0,13.0,12.0,13.0,8.0,12.0,22.0,22.0,22.0,15.0,21.0,0.0,24.0,15.0,37.0,29.0,19.0,22.0,21.0,23.0,0.0,13.0,22.0,14.0,11.0,16.0,7.0,11.0,8.0,19.0,11.0,16.0,11.0,6.0,27.0,16.0,28.0,16.0,16.0,20.0,20.0,26.0,18.0,17.0,15.0,15.0,12.0,22.0,0.0,7.0,12.0,17.0,18.0,18.0,15.0,20.0,30.0,14.0,20.0,18.0,12.0,23.0,10.0,15.0,9.0,15.0,19.0,0.0,0.0,7.0,0.0,8.0,10.0,12.0,10.0,12.0,17.0,6.0,11.0,13.0,22.0,21.0,21.0,17.0,26.0,12.0,10.0,10.0,17.0,13.0,14.0,7.0,14.0,19.0,20.0,24.0,20.0,19.0,23.0,29.0,19.0,17.0,16.0,7.0,9.0,16.0,6.0,10.0,11.0,10.0,18.0,22.0,19.0,30.0,30.0,28.0,42.0,14.0,13.0,21.0,19.0,24.0,20.0,5.0,6.0,22.0,19.0,19.0,27.0,14.0,32.0,10.0,22.0,17.0,21.0,32.0,27.0,18.0,13.0,15.0,24.0,19.0,12.0,7.0,16.0,12.0,9.0,14.0,0.0,15.0,6.0,22.0,15.0,30.0,16.0,28.0,21.0,28.0,12.0,12.0,10.0,6.0
24.0,26.0,11.0,17.0,24.0,15.0,14.0,22.0,10.0,31.0,17.0,24.0,0.0,23.0,24.0,36.0,10.0,16.0,27.0,28.0,25.0,28.0,18.0,39.0,28.0,28.0,11.0,9.0,11.0,10.0,8.0,14.0,26.0,21.0,23.0,18.0,14.0,14.0,10.0,22.0,16.0,15.0,22.0,37.0,20.0,13.0,19.0,24.0,13.0,11.0,15.0,27.0,23.0,23.0,30.0,30.0,20.0,22.0,28.0,19.0,14.0,10.0,31.0,10.0,0.0,7.0,22.0,18.0,17.0,25.0,18.0,9.0,13.0,23.0,24.0,11.0,26.0,17.0,20.0,18.0,31.0,21.0,19.0,11.0,23.0,18.0,16.0,19.0,11.0,13.0,24.0,12.0,10.0,32.0,29.0,11.0,14.0,28.0,26.0,12.0,10.0,11.0,20.0,13.0,17.0,17.0,27.0,34.0,23.0,35.0,15.0,21.0,15.0,24.0,16.0,19.0,26.0,0.0,27.0,14.0,22.0,22.0,12.0,21.0,31.0,30.0,17.0,18.0,24.0,9.0,10.0,20.0,11.0,18.0,28.0,18.0,16.0,19.0,15.0,16.0,24.0,38.0,25.0,18.0,19.0,24.0,0.0,12.0,11.0,9.0,11.0,27.0,20.0,0.0,15.0,17.0,20.0,22.0,15.0,30.0,31.0,21.0,23.0,24.0,24.0,24.0,14.0,26.0,17.0,11.0,14.0,9.0,13.0,8.0,17.0,11.0,14.0,6.0,8.0,23.0,16.0,33.0,18.0,23.0,21.0,25.0,31.0,12.0,0.0,20.0,20.0,16.0,23.0,16.0,7.0,13.0,0.0,16.0,21.0,18.0,16.0,27.0,13.0,14.0,28.0,15.0,17.0,11.0,9.0,15.0,16.0,17.0,13.0,17.0,7.0,13.0,12.0,12.0,0.0,10.0,13.0,16.0,6.0,13.0,13.0,21.0,20.0,25.0,18.0,26.0,17.0,11.0,14.0,14.0,15.0,14.0,11.0,20.0,28.0,20.0,25.0,18.0,15.0,20.0,24.0,19.0,17.0,14.0,9.0,9.0,18.0,7.0,11.0,13.0,15.0,15.0,23.0,19.0,35.0,31.0,24.0,37.0,16.0,0.0,21.0,24.0,21.0,18.0,5.0,6.0,21.0,14.0,12.0,27.0,0.0,29.0,0.0,20.0,10.0,20.0,23.0,30.0,25.0,23.0,14.0,23.0,21.0,13.0,8.0,16.0,14.0,14.0,18.0,14.0,15.0,8.0,23.0,20.0,16.0,18.0,27.0,22.0,30.0,0.0,16.0,0.0,5.0
13.0,24.0,11.0,13.0,21.0,17.0,24.0,22.0,14.0,26.0,22.0,33.0,28.0,33.0,24.0,24.0,11.0,13.0,27.0,25.0,23.0,31.0,23.0,37.0,28.0,34.0,17.0,12.0,15.0,11.0,9.0,0.0,27.0,23.0,19.0,14.0,12.0,14.0,22.0,0.0,0.0,18.0,26.0,35.0,22.0,14.0,19.0,30.0,11.0,9.0,19.0,27.0,24.0,25.0,32.0,22.0,27.0,19.0,15.0,21.0,22.0,12.0,37.0,9.0,5.0,7.0,22.0,18.0,13.0,22.0,21.0,0.0,28.0,19.0,16.0,11.0,22.0,17.0,19.0,17.0,28.0,26.0,33.0,13.0,13.0,17.0,14.0,18.0,17.0,24.0,25.0,14.0,9.0,27.0,27.0,10.0,17.0,28.0,22.0,18.0,10.0,22.0,20.0,14.0,19.0,0.0,24.0,15.0,21.0,35.0,24.0,17.0,22.0,26.0,17.0,24.0,33.0,18.0,29.0,0.0,23.0,20.0,14.0,20.0,33.0,29.0,23.0,15.0,20.0,8.0,9.0,19.0,11.0,14.0,14.0,18.0,14.0,21.0,18.0,21.0,24.0,43.0,24.0,15.0,0.0,32.0,12.0,12.0,10.0,13.0,16.0,34.0,0.0,18.0,14.0,17.0,23.0,23.0,16.0,30.0,25.0,0.0,14.0,27.0,27.0,17.0,14.0,19.0,14.0,23.0,12.0,8.0,14.0,7.0,16.0,12.0,11.0,0.0,9.0,30.0,15.0,28.0,21.0,14.0,24.0,26.0,25.0,15.0,19.0,15.0,18.0,16.0,28.0,16.0,11.0,8.0,5.0,30.0,16.0,23.0,18.0,24.0,0.0,0.0,25.0,20.0,14.0,10.0,0.0,19.0,14.0,19.0,17.0,23.0,7.0,12.0,13.0,10.0,12.0,10.0,13.0,13.0,6.0,12.0,13.0,21.0,18.0,24.0,12.0,26.0,12.0,12.0,15.0,13.0,14.0,0.0,14.0,13.0,31.0,20.0,28.0,0.0,21.0,25.0,23.0,23.0,14.0,17.0,13.0,6.0,16.0,7.0,11.0,16.0,15.0,28.0,30.0,26.0,22.0,35.0,20.0,0.0,19.0,9.0,19.0,19.0,22.0,18.0,5.0,6.0,22.0,14.0,0.0,25.0,15.0,28.0,6.0,21.0,11.0,21.0,25.0,33.0,24.0,20.0,15.0,14.0,19.0,9.0,12.0,19.0,13.0,17.0,20.0,16.0,14.0,9.0,21.0,21.0,0.0,19.0,27.0,22.0,28.0,10.0,20.0,6.0,0.0
13.0,20.0,16.0,18.0,30.0,13.0,12.0,17.0,14.0,24.0,25.0,25.0,31.0,38.0,34.0,20.0,15.0,17.0,39.0,32.0,45.0,39.0,31.0,30.0,43.0,25.0,17.0,7.0,10.0,7.0,12.0,15.0,13.0,19.0,50.0,16.0,40.0,14.0,16.0,41.0,20.0,16.0,35.0,37.0,23.0,19.0,19.0,13.0,9.0,14.0,20.0,22.0,21.0,30.0,26.0,25.0,31.0,31.0,28.0,18.0,7.0,14.0,35.0,8.0,20.0,9.0,18.0,25.0,10.0,46.0,28.0,34.0,29.0,19.0,12.0,11.0,30.0,22.0,22.0,6.0,26.0,32.0,31.0,21.0,27.0,18.0,13.0,28.0,10.0,15.0,20.0,34.0,18.0,32.0,21.0,17.0,16.0,0.0,31.0,19.0,14.0,14.0,17.0,13.0,19.0,22.0,42.0,37.0,33.0,44.0,36.0,20.0,21.0,34.0,27.0,25.0,31.0,35.0,34.0,28.0,33.0,35.0,34.0,33.0,27.0,27.0,27.0,17.0,23.0,10.0,16.0,15.0,16.0,16.0,21.0,19.0,9.0,41.0,25.0,20.0,27.0,30.0,30.0,23.0,22.0,30.0,35.0,12.0,12.0,10.0,11.0,45.0,49.0,22.0,33.0,17.0,24.0,20.0,19.0,37.0,32.0,36.0,28.0,34.0,20.0,34.0,17.0,29.0,22.0,19.0,11.0,8.0,15.0,17.0,14.0,11.0,15.0,14.0,9.0,31.0,12.0,40.0,13.0,19.0,44.0,29.0,29.0,15.0,15.0,20.0,49.0,13.0,22.0,17.0,7.0,11.0,22.0,22.0,21.0,33.0,32.0,28.0,16.0,36.0,25.0,14.0,28.0,16.0,15.0,11.0,23.0,13.0,16.0,33.0,14.0,21.0,12.0,29.0,21.0,11.0,14.0,13.0,6.0,9.0,12.0,23.0,17.0,28.0,17.0,22.0,9.0,10.0,9.0,20.0,20.0,43.0,22.0,15.0,27.0,47.0,27.0,44.0,36.0,32.0,20.0,21.0,16.0,17.0,17.0,5.0,10.0,7.0,7.0,17.0,17.0,18.0,24.0,28.0,27.0,29.0,0.0,40.0,28.0,49.0,14.0,24.0,30.0,24.0,3.0,11.0,21.0,13.0,14.0,27.0,14.0,37.0,16.0,28.0,16.0,18.0,33.0,34.0,13.0,39.0,20.0,13.0,24.0,17.0,11.0,14.0,12.0,8.0,20.0,25.0,17.0,6.0,24.0,19.0,36.0,21.0,38.0,26.0,24.0,10.0,14.0,10.0,9.0
14.0,22.0,0.0,18.0,31.0,13.0,13.0,22.0,14.0,22.0,22.0,28.0,32.0,0.0,24.0,0.0,19.0,18.0,33.0,33.0,47.0,43.0,27.0,28.0,39.0,29.0,22.0,7.0,15.0,7.0,12.0,13.0,0.0,29.0,30.0,14.0,33.0,18.0,16.0,34.0,20.0,17.0,25.0,29.0,21.0,18.0,15.0,18.0,8.0,10.0,21.0,0.0,27.0,39.0,0.0,24.0,26.0,26.0,16.0,17.0,14.0,12.0,0.0,8.0,18.0,9.0,12.0,17.0,13.0,29.0,26.0,22.0,20.0,14.0,0.0,10.0,28.0,20.0,21.0,9.0,25.0,28.0,43.0,14.0,40.0,21.0,11.0,26.0,15.0,25.0,15.0,24.0,13.0,25.0,25.0,18.0,18.0,21.0,29.0,19.0,14.0,14.0,16.0,9.0,14.0,34.0,44.0,32.0,22.0,45.0,45.0,20.0,16.0,33.0,21.0,33.0,28.0,26.0,37.0,32.0,24.0,36.0,30.0,27.0,0.0,36.0,26.0,20.0,15.0,10.0,18.0,14.0,17.0,15.0,20.0,19.0,18.0,36.0,31.0,16.0,16.0,0.0,34.0,21.0,21.0,31.0,26.0,14.0,12.0,12.0,8.0,32.0,35.0,21.0,36.0,26.0,21.0,28.0,18.0,46.0,0.0,39.0,0.0,0.0,0.0,25.0,0.0,24.0,19.0,19.0,14.0,7.0,11.0,22.0,0.0,10.0,20.0,11.0,9.0,22.0,12.0,25.0,13.0,26.0,34.0,30.0,26.0,15.0,24.0,22.0,23.0,14.0,20.0,17.0,9.0,11.0,17.0,24.0,20.0,33.0,19.0,12.0,17.0,31.0,28.0,15.0,10.0,7.0,15.0,10.0,24.0,0.0,19.0,32.0,11.0,13.0,17.0,26.0,20.0,11.0,18.0,15.0,15.0,12.0,11.0,26.0,0.0,17.0,13.0,19.0,13.0,10.0,9.0,22.0,16.0,35.0,20.0,20.0,25.0,31.0,22.0,39.0,31.0,18.0,15.0,16.0,16.0,16.0,15.0,5.0,9.0,6.0,10.0,16.0,17.0,26.0,33.0,14.0,29.0,21.0,27.0,45.0,28.0,37.0,13.0,11.0,25.0,18.0,5.0,11.0,0.0,17.0,12.0,31.0,15.0,38.0,16.0,28.0,15.0,16.0,41.0,32.0,20.0,32.0,15.0,22.0,24.0,16.0,11.0,15.0,14.0,0.0,14.0,23.0,18.0,13.0,15.0,18.0,31.0,22.0,28.0,0.0,21.0,15.0,11.0,7.0,10.0
